Region,Departement,COM_ARRT_VILLE,COMMUNE,QUARTIER_VILLAGE_HAMEAU,CONCESSION,MENAGE,HOMMES,FEMMES,POPULATION
KAFFRINE,BIRKELANE,BIRKELANE,BIRKELANE,"GADGA ESCALE",162,295,947,1064,2011
KAFFRINE,BIRKELANE,BIRKELANE,BIRKELANE,SANTHIABA,214,234,1096,1114,2210
KAFFRINE,BIRKELANE,BIRKELANE,BIRKELANE,"TALLY BA",213,242,1224,1195,2419
KAFFRINE,BIRKELANE,BIRKELANE,BIRKELANE,THIERERE,186,223,991,1178,2169
KAFFRINE,BIRKELANE,BIRKELANE,BIRKELANE,"GUINAW RAYE",200,224,1012,1070,2082
KAFFRINE,BIRKELANE,"KEUR MBOUCKI","KEUR MBOUCKI","DARA NGUER ET NGUER MABADIANE",73,86,414,409,823
KAFFRINE,BIRKELANE,"KEUR MBOUCKI","KEUR MBOUCKI","H1 WASAKOL",10,16,111,120,231
KAFFRINE,BIRKELANE,"KEUR MBOUCKI","KEUR MBOUCKI","DIMBE GALE",11,13,104,80,184
KAFFRINE,BIRKELANE,"KEUR MBOUCKI","KEUR MBOUCKI","H1 DIMBE GALE PEULH",3,3,13,19,32
KAFFRINE,BIRKELANE,"KEUR MBOUCKI","KEUR MBOUCKI","H2 KEUR SAMBA BA",4,4,22,16,38
KAFFRINE,BIRKELANE,"KEUR MBOUCKI","KEUR MBOUCKI",GANKY,4,11,29,32,61
KAFFRINE,BIRKELANE,"KEUR MBOUCKI","KEUR MBOUCKI","H1 GANKY PEULH",1,2,21,11,32
KAFFRINE,BIRKELANE,"KEUR MBOUCKI","KEUR MBOUCKI","KEUR EL HADJI MALICK",20,22,152,115,267
KAFFRINE,BIRKELANE,"KEUR MBOUCKI","KEUR MBOUCKI","KEUR MAGAYE",41,43,188,198,386
KAFFRINE,BIRKELANE,"KEUR MBOUCKI","KEUR MBOUCKI","KEUR MASSER",14,17,118,71,189
KAFFRINE,BIRKELANE,"KEUR MBOUCKI","KEUR MBOUCKI","KEUR MBOUCKI",95,106,558,559,1117
KAFFRINE,BIRKELANE,"KEUR MBOUCKI","KEUR MBOUCKI","H1 KEUR MBOUKI II",8,12,58,49,107
KAFFRINE,BIRKELANE,"KEUR MBOUCKI","KEUR MBOUCKI","H2 NDAME",4,5,20,14,34
KAFFRINE,BIRKELANE,"KEUR MBOUCKI","KEUR MBOUCKI","H3 DAGANA",2,2,10,13,23
KAFFRINE,BIRKELANE,"KEUR MBOUCKI","KEUR MBOUCKI","KEUR NOLORY",21,25,150,131,281
KAFFRINE,BIRKELANE,"KEUR MBOUCKI","KEUR MBOUCKI",MBODIENE,9,10,47,44,91
KAFFRINE,BIRKELANE,"KEUR MBOUCKI","KEUR MBOUCKI","H2 BAPEDJI",25,29,153,166,319
KAFFRINE,BIRKELANE,"KEUR MBOUCKI","KEUR MBOUCKI",NAVEL,31,33,206,210,416
KAFFRINE,BIRKELANE,"KEUR MBOUCKI","KEUR MBOUCKI","NDIAYENE WALY",139,188,934,1028,1962
KAFFRINE,BIRKELANE,"KEUR MBOUCKI","KEUR MBOUCKI","NETTY THIOCOGNE",20,22,99,98,197
KAFFRINE,BIRKELANE,"KEUR MBOUCKI","KEUR MBOUCKI",NGAMBOU,22,26,186,162,348
KAFFRINE,BIRKELANE,"KEUR MBOUCKI","KEUR MBOUCKI",NGONGANE,11,11,45,41,86
KAFFRINE,BIRKELANE,"KEUR MBOUCKI","KEUR MBOUCKI","SANTHIE NAVEL",87,96,526,502,1028
KAFFRINE,BIRKELANE,"KEUR MBOUCKI","KEUR MBOUCKI","H1 SARE SAMBA",7,12,73,71,144
KAFFRINE,BIRKELANE,"KEUR MBOUCKI","KEUR MBOUCKI","THIDY DIEYE",13,14,71,92,163
KAFFRINE,BIRKELANE,"KEUR MBOUCKI","KEUR MBOUCKI","THYCATT KEUR GALLO",11,13,89,65,154
KAFFRINE,BIRKELANE,"KEUR MBOUCKI","KEUR MBOUCKI","H1 BOULY",11,13,80,67,147
KAFFRINE,BIRKELANE,"KEUR MBOUCKI","KEUR MBOUCKI","THYCATT OUOLOF",86,97,623,717,1340
KAFFRINE,BIRKELANE,"KEUR MBOUCKI","KEUR MBOUCKI","TOUBA KHADAMA",60,66,412,285,697
KAFFRINE,BIRKELANE,"KEUR MBOUCKI","KEUR MBOUCKI","H1 GORIA",8,10,48,65,113
KAFFRINE,BIRKELANE,"KEUR MBOUCKI","KEUR MBOUCKI","YALLAL GATTA",10,10,66,56,122
KAFFRINE,BIRKELANE,"KEUR MBOUCKI","KEUR MBOUCKI","YALLAL MAISSA",9,13,65,41,106
KAFFRINE,BIRKELANE,"KEUR MBOUCKI","KEUR MBOUCKI","H1 MBOULOUM KEUR DIALLO",18,23,129,128,257
KAFFRINE,BIRKELANE,"KEUR MBOUCKI","KEUR MBOUCKI","KEUR MANDIAYE",12,14,97,64,161
KAFFRINE,BIRKELANE,"KEUR MBOUCKI","KEUR MBOUCKI","KEUR MBOUCKI (NDIENE)",80,86,518,479,997
KAFFRINE,BIRKELANE,"KEUR MBOUCKI","KEUR MBOUCKI","KEUR MBOUCKI (THIEWE)",83,90,552,489,1041
KAFFRINE,BIRKELANE,"KEUR MBOUCKI","KEUR MBOUCKI",KOUNIASS,40,44,293,242,535
KAFFRINE,BIRKELANE,"KEUR MBOUCKI","TOUBA MBELLA",BAGANA,22,26,109,106,215
KAFFRINE,BIRKELANE,"KEUR MBOUCKI","TOUBA MBELLA","BAILA NDOUR",61,68,325,359,684
KAFFRINE,BIRKELANE,"KEUR MBOUCKI","TOUBA MBELLA",BIDIAM,79,90,521,498,1019
KAFFRINE,BIRKELANE,"KEUR MBOUCKI","TOUBA MBELLA","BOSSOLEL PEULH",22,23,157,134,291
KAFFRINE,BIRKELANE,"KEUR MBOUCKI","TOUBA MBELLA","H3 KEUR DEMBA",8,9,49,40,89
KAFFRINE,BIRKELANE,"KEUR MBOUCKI","TOUBA MBELLA",DADIELE,6,18,103,76,179
KAFFRINE,BIRKELANE,"KEUR MBOUCKI","TOUBA MBELLA","H1 GATTY YORO",4,4,24,26,50
KAFFRINE,BIRKELANE,"KEUR MBOUCKI","TOUBA MBELLA","H2 GATTY SALIF",2,2,13,6,19
KAFFRINE,BIRKELANE,"KEUR MBOUCKI","TOUBA MBELLA","DAROU SALAM SENE",1,2,76,17,93
KAFFRINE,BIRKELANE,"KEUR MBOUCKI","TOUBA MBELLA","DIACKE MARAME (MBOUBENE)",13,24,97,101,198
KAFFRINE,BIRKELANE,"KEUR MBOUCKI","TOUBA MBELLA","DIACKE SAMBA",25,30,147,92,239
KAFFRINE,BIRKELANE,"KEUR MBOUCKI","TOUBA MBELLA","DIASSOUM DIAMAGUENE",42,49,213,233,446
KAFFRINE,BIRKELANE,"KEUR MBOUCKI","TOUBA MBELLA","DIASSOUM WILLANENE",15,16,72,77,149
KAFFRINE,BIRKELANE,"KEUR MBOUCKI","TOUBA MBELLA","GAWANE DJIDAH",23,33,215,154,369
KAFFRINE,BIRKELANE,"KEUR MBOUCKI","TOUBA MBELLA","GORY MBANDE",24,26,118,105,223
KAFFRINE,BIRKELANE,"KEUR MBOUCKI","TOUBA MBELLA",KANKA,6,11,42,47,89
KAFFRINE,BIRKELANE,"KEUR MBOUCKI","TOUBA MBELLA","KEUR YORO DIOMBO",13,30,127,115,242
KAFFRINE,BIRKELANE,"KEUR MBOUCKI","TOUBA MBELLA",LEWE,9,9,49,57,106
KAFFRINE,BIRKELANE,"KEUR MBOUCKI","TOUBA MBELLA","MBELLA SALOUM",34,41,265,275,540
KAFFRINE,BIRKELANE,"KEUR MBOUCKI","TOUBA MBELLA","H1 MBELLA PEULH",14,17,90,73,163
KAFFRINE,BIRKELANE,"KEUR MBOUCKI","TOUBA MBELLA","MBELLA PEULH (BOULI BANI)",10,14,75,84,159
KAFFRINE,BIRKELANE,"KEUR MBOUCKI","TOUBA MBELLA","MBATHIARE I",7,8,38,49,87
KAFFRINE,BIRKELANE,"KEUR MBOUCKI","TOUBA MBELLA","H2 MANGOUM",6,9,35,36,71
KAFFRINE,BIRKELANE,"KEUR MBOUCKI","TOUBA MBELLA","MEDINATOUL SALAM",27,31,174,187,361
KAFFRINE,BIRKELANE,"KEUR MBOUCKI","TOUBA MBELLA","NDIOUNDIA I",27,38,216,226,442
KAFFRINE,BIRKELANE,"KEUR MBOUCKI","TOUBA MBELLA","NETTY BIREYE",9,17,68,93,161
KAFFRINE,BIRKELANE,"KEUR MBOUCKI","TOUBA MBELLA","H2 NDIORENE",7,7,39,35,74
KAFFRINE,BIRKELANE,"KEUR MBOUCKI","TOUBA MBELLA","NETTY DAGA OUOLOF (NDAWENE)",17,18,74,101,175
KAFFRINE,BIRKELANE,"KEUR MBOUCKI","TOUBA MBELLA","NETTY DAGA PEULH",24,28,116,95,211
KAFFRINE,BIRKELANE,"KEUR MBOUCKI","TOUBA MBELLA","H1 KEUR MAMADOU SIRA",8,9,43,37,80
KAFFRINE,BIRKELANE,"KEUR MBOUCKI","TOUBA MBELLA","NETTY SASSY",9,17,75,74,149
KAFFRINE,BIRKELANE,"KEUR MBOUCKI","TOUBA MBELLA",NGALLICK,11,14,99,81,180
KAFFRINE,BIRKELANE,"KEUR MBOUCKI","TOUBA MBELLA","SARE NDIOUGARY",26,30,187,180,367
KAFFRINE,BIRKELANE,"KEUR MBOUCKI","TOUBA MBELLA","SOMB DIACK",23,29,209,187,396
KAFFRINE,BIRKELANE,"KEUR MBOUCKI","TOUBA MBELLA",THIARLCOGNE,5,6,42,39,81
KAFFRINE,BIRKELANE,"KEUR MBOUCKI","TOUBA MBELLA","H2 NGATTY",4,4,40,42,82
KAFFRINE,BIRKELANE,"KEUR MBOUCKI","TOUBA MBELLA","TIVAOUANE LEWE",45,50,309,317,626
KAFFRINE,BIRKELANE,"KEUR MBOUCKI","TOUBA MBELLA","TOUBA MBELLA",129,172,841,726,1567
KAFFRINE,BIRKELANE,"KEUR MBOUCKI","TOUBA MBELLA",WEYNDE,85,95,536,422,958
KAFFRINE,BIRKELANE,"KEUR MBOUCKI","TOUBA MBELLA","YALAL DIAKE",18,41,168,133,301
KAFFRINE,BIRKELANE,"KEUR MBOUCKI","TOUBA MBELLA","H1 SARE DEMBA GNABO",4,9,30,19,49
KAFFRINE,BIRKELANE,"KEUR MBOUCKI","TOUBA MBELLA","KAI YALAL DIAKE",10,20,78,77,155
KAFFRINE,BIRKELANE,"KEUR MBOUCKI","TOUBA MBELLA","GUENTHE LOBOYE (KEUR SAMBA)",7,8,43,44,87
KAFFRINE,BIRKELANE,"KEUR MBOUCKI","TOUBA MBELLA","HALTOU BAGANA",32,37,225,207,432
KAFFRINE,BIRKELANE,"KEUR MBOUCKI","TOUBA MBELLA","KEUR BAME",8,12,51,54,105
KAFFRINE,BIRKELANE,"KEUR MBOUCKI","TOUBA MBELLA","MBATHIARE II",9,14,66,66,132
KAFFRINE,BIRKELANE,"KEUR MBOUCKI","TOUBA MBELLA","NDOUNDIA II",13,15,74,72,146
KAFFRINE,BIRKELANE,"KEUR MBOUCKI","TOUBA MBELLA","BOSSOLEL/ BOSSOLEL DIAWENE",96,105,497,537,1034
KAFFRINE,BIRKELANE,"KEUR MBOUCKI","TOUBA MBELLA","H1 BOSSOLEL OUOLOF",18,23,90,110,200
KAFFRINE,BIRKELANE,"KEUR MBOUCKI","TOUBA MBELLA","H1 NDIAWENE",16,17,62,81,143
KAFFRINE,BIRKELANE,"KEUR MBOUCKI",DIAMAL,"DAROU SALAM III",5,5,27,19,46
KAFFRINE,BIRKELANE,"KEUR MBOUCKI",DIAMAL,DIAMAL,182,241,1651,1476,3127
KAFFRINE,BIRKELANE,"KEUR MBOUCKI",DIAMAL,"H2 SANTHIABA",20,23,528,250,778
KAFFRINE,BIRKELANE,"KEUR MBOUCKI",DIAMAL,"H3 PEULH DIAMAL",4,9,72,46,118
KAFFRINE,BIRKELANE,"KEUR MBOUCKI",DIAMAL,"H4 KEUR DIAM",13,15,63,67,130
KAFFRINE,BIRKELANE,"KEUR MBOUCKI",DIAMAL,"H5 KEUR DIOUBOL",6,13,111,97,208
KAFFRINE,BIRKELANE,"KEUR MBOUCKI",DIAMAL,"H2 KEUR DIOUMA",8,11,80,51,131
KAFFRINE,BIRKELANE,"KEUR MBOUCKI",DIAMAL,"FASS SY",6,8,44,45,89
KAFFRINE,BIRKELANE,"KEUR MBOUCKI",DIAMAL,GAMA,29,33,163,124,287
KAFFRINE,BIRKELANE,"KEUR MBOUCKI",DIAMAL,"GAINTH BOYE",32,38,228,210,438
KAFFRINE,BIRKELANE,"KEUR MBOUCKI",DIAMAL,"KEBE GOUYE",13,16,112,97,209
KAFFRINE,BIRKELANE,"KEUR MBOUCKI",DIAMAL,"H1 KEUR ABOU SOW",1,1,8,7,15
KAFFRINE,BIRKELANE,"KEUR MBOUCKI",DIAMAL,"KEBE KEUR LAHINE",41,48,342,362,704
KAFFRINE,BIRKELANE,"KEUR MBOUCKI",DIAMAL,"H1 THIALLANENE",12,14,67,60,127
KAFFRINE,BIRKELANE,"KEUR MBOUCKI",DIAMAL,"KEBE THIEYENE",18,20,125,130,255
KAFFRINE,BIRKELANE,"KEUR MBOUCKI",DIAMAL,"KELEL MOFEL",30,34,186,190,376
KAFFRINE,BIRKELANE,"KEUR MBOUCKI",DIAMAL,"H1 KEUR MAMADOU DABO",9,12,67,74,141
KAFFRINE,BIRKELANE,"KEUR MBOUCKI",DIAMAL,"KEUR IBRA NDOUR",3,3,17,15,32
KAFFRINE,BIRKELANE,"KEUR MBOUCKI",DIAMAL,"H1 KEUR YORO TANDA",6,8,55,50,105
KAFFRINE,BIRKELANE,"KEUR MBOUCKI",DIAMAL,"H3 KEUR MBISSANE",4,5,28,26,54
KAFFRINE,BIRKELANE,"KEUR MBOUCKI",DIAMAL,"H4 FASS MAKHTAR",23,23,431,87,518
KAFFRINE,BIRKELANE,"KEUR MBOUCKI",DIAMAL,"KEUR IBRAHIMA MBAYE",38,50,306,223,529
KAFFRINE,BIRKELANE,"KEUR MBOUCKI",DIAMAL,"KEUR ISMAILA",82,114,798,854,1652
KAFFRINE,BIRKELANE,"KEUR MBOUCKI",DIAMAL,"H1 KEUR GORY",5,10,37,34,71
KAFFRINE,BIRKELANE,"KEUR MBOUCKI",DIAMAL,"KORKY BAMBARA",44,57,336,300,636
KAFFRINE,BIRKELANE,"KEUR MBOUCKI",DIAMAL,"LOUMBEL KORKY PEULH",3,3,16,19,35
KAFFRINE,BIRKELANE,"KEUR MBOUCKI",DIAMAL,"H1 PATAR LADJI",2,6,34,29,63
KAFFRINE,BIRKELANE,"KEUR MBOUCKI",DIAMAL,"H2 NDIAO",3,5,33,22,55
KAFFRINE,BIRKELANE,"KEUR MBOUCKI",DIAMAL,"KORKY SERÈRE",18,30,131,122,253
KAFFRINE,BIRKELANE,"KEUR MBOUCKI",DIAMAL,KOUMBOF,13,13,77,70,147
KAFFRINE,BIRKELANE,"KEUR MBOUCKI",DIAMAL,LOUGOL,27,29,117,103,220
KAFFRINE,BIRKELANE,"KEUR MBOUCKI",DIAMAL,"H1 NETTE LOUGOL",13,19,107,91,198
KAFFRINE,BIRKELANE,"KEUR MBOUCKI",DIAMAL,"MBANDE OUOLOF",10,13,59,59,118
KAFFRINE,BIRKELANE,"KEUR MBOUCKI",DIAMAL,"MBANDE PEULH",17,20,105,90,195
KAFFRINE,BIRKELANE,"KEUR MBOUCKI",DIAMAL,"MOUYE NDAGANE",8,9,50,30,80
KAFFRINE,BIRKELANE,"KEUR MBOUCKI",DIAMAL,NDANGANE,48,59,360,310,670
KAFFRINE,BIRKELANE,"KEUR MBOUCKI",DIAMAL,"H4 KEUR DIOUNDOU",4,6,22,23,45
KAFFRINE,BIRKELANE,"KEUR MBOUCKI",DIAMAL,GUISSAM,11,13,84,70,154
KAFFRINE,BIRKELANE,"KEUR MBOUCKI",DIAMAL,"H1 NGUISSAM PEULH",4,11,86,62,148
KAFFRINE,BIRKELANE,"KEUR MBOUCKI",DIAMAL,"NGORDJELENE WILLANENE",25,30,176,198,374
KAFFRINE,BIRKELANE,"KEUR MBOUCKI",DIAMAL,"DIAMAGUENE (KEUR SASSY)",35,39,192,166,358
KAFFRINE,BIRKELANE,"KEUR MBOUCKI",DIAMAL,"KORKY DIAMEGEUNE",6,12,73,65,138
KAFFRINE,BIRKELANE,"KEUR MBOUCKI",DIAMAL,"NGORDJILENE MOURID",41,61,341,362,703
KAFFRINE,BIRKELANE,"KEUR MBOUCKI",DIAMAL,"H1 DAGAY NDENE",69,89,441,388,829
KAFFRINE,BIRKELANE,"KEUR MBOUCKI",DIAMAL,"H2 LOUMBEL",12,17,114,103,217
KAFFRINE,BIRKELANE,MABO,MABO,BARKEDJI,17,17,112,119,231
KAFFRINE,BIRKELANE,MABO,MABO,"H1 MBAYENE",19,30,212,174,386
KAFFRINE,BIRKELANE,MABO,MABO,"DAGA BALLA",124,139,1029,881,1910
KAFFRINE,BIRKELANE,MABO,MABO,"DIAMA FARA",122,155,920,862,1782
KAFFRINE,BIRKELANE,MABO,MABO,"H1 CISSE",20,24,102,101,203
KAFFRINE,BIRKELANE,MABO,MABO,"NDIAO SOUKOUM",12,14,84,73,157
KAFFRINE,BIRKELANE,MABO,MABO,"H1 KEUR SAMBA DIAO",3,3,30,20,50
KAFFRINE,BIRKELANE,MABO,MABO,NDOYLI,46,76,471,443,914
KAFFRINE,BIRKELANE,MABO,MABO,"FASS DIA",18,23,132,132,264
KAFFRINE,BIRKELANE,MABO,MABO,"FASS GADE (KEUR IBRA TOURE)",26,30,218,171,389
KAFFRINE,BIRKELANE,MABO,MABO,"KEUR DEMBA BA",5,7,34,27,61
KAFFRINE,BIRKELANE,MABO,MABO,"KAPAYE DIABEL",10,15,91,77,168
KAFFRINE,BIRKELANE,MABO,MABO,KASSAS,152,182,1159,1263,2422
KAFFRINE,BIRKELANE,MABO,MABO,"KEUR EL HADJI BABOU SECK",52,72,502,503,1005
KAFFRINE,BIRKELANE,MABO,MABO,"KEUR DJIBY",51,63,268,217,485
KAFFRINE,BIRKELANE,MABO,MABO,"H1 BOCKY BANEL",9,11,65,42,107
KAFFRINE,BIRKELANE,MABO,MABO,"KEUR GATA PEULH",10,11,53,47,100
KAFFRINE,BIRKELANE,MABO,MABO,"H2 KEUR SABALANGAR",17,18,86,96,182
KAFFRINE,BIRKELANE,MABO,MABO,"H3 KEUR MOUSSA THIOUNE",11,15,79,83,162
KAFFRINE,BIRKELANE,MABO,MABO,"KEUR KATIM",15,21,142,135,277
KAFFRINE,BIRKELANE,MABO,MABO,"KEUR MADEMBA GUEYE I",24,27,378,218,596
KAFFRINE,BIRKELANE,MABO,MABO,"H1 MBAMBARA",7,7,92,66,158
KAFFRINE,BIRKELANE,MABO,MABO,"KEUR MADEMBA GUEYE II",23,28,216,247,463
KAFFRINE,BIRKELANE,MABO,MABO,"MAKA SACOUMBA",111,120,839,825,1664
KAFFRINE,BIRKELANE,MABO,MABO,"KEUR NDONGO",16,18,102,90,192
KAFFRINE,BIRKELANE,MABO,MABO,"KONY OUOLOF",5,13,71,70,141
KAFFRINE,BIRKELANE,MABO,MABO,"H1 KONY PEULH",13,14,107,83,190
KAFFRINE,BIRKELANE,MABO,MABO,"KOUMPEUL PEULH",11,18,92,36,128
KAFFRINE,BIRKELANE,MABO,MABO,"H1 KEUR YORO BA",4,4,18,16,34
KAFFRINE,BIRKELANE,MABO,MABO,"KOUMPEUL WOLOF",59,70,629,521,1150
KAFFRINE,BIRKELANE,MABO,MABO,"MABO I",102,156,978,913,1891
KAFFRINE,BIRKELANE,MABO,MABO,"MABO PEULH",13,18,83,91,174
KAFFRINE,BIRKELANE,MABO,MABO,"MEDINA DAROU SALAM",14,20,245,169,414
KAFFRINE,BIRKELANE,MABO,MABO,"MEDINA KEUR BABOU DIA",27,30,179,215,394
KAFFRINE,BIRKELANE,MABO,MABO,"MEDINA THIAKHO",44,49,366,324,690
KAFFRINE,BIRKELANE,MABO,MABO,"MEDINA THIAKHO (PEULH GUI)",18,21,142,121,263
KAFFRINE,BIRKELANE,MABO,MABO,"H2 KEUR AMADOU",23,25,166,170,336
KAFFRINE,BIRKELANE,MABO,MABO,"MEDINA THISSE (SANTHIE DIAMAL)",56,72,415,504,919
KAFFRINE,BIRKELANE,MABO,MABO,"H1 SANTJIE DIAMAL",4,6,31,33,64
KAFFRINE,BIRKELANE,MABO,MABO,"NDIORAL BIRANE DIOP",38,42,334,311,645
KAFFRINE,BIRKELANE,MABO,MABO,"H1 PASSY",11,12,91,90,181
KAFFRINE,BIRKELANE,MABO,MABO,"NDIORAL DIA MBAYE",45,47,309,234,543
KAFFRINE,BIRKELANE,MABO,MABO,"NDIORAL SAMBA GAYE",37,43,350,256,606
KAFFRINE,BIRKELANE,MABO,MABO,NEMA,20,28,121,110,231
KAFFRINE,BIRKELANE,MABO,MABO,WANAR,65,81,567,670,1237
KAFFRINE,BIRKELANE,MABO,MABO,"SANTHIE NDIAO",35,45,193,293,486
KAFFRINE,BIRKELANE,MABO,MABO,"H1 KEUR SAWALO",16,19,95,124,219
KAFFRINE,BIRKELANE,MABO,MABO,"SANNTHIE  THIAKHO",25,29,238,238,476
KAFFRINE,BIRKELANE,MABO,MABO,SIMBARA,69,78,372,377,749
KAFFRINE,BIRKELANE,MABO,MABO,"H1 KEUR GATTA",6,7,50,41,91
KAFFRINE,BIRKELANE,MABO,MABO,"H2 KEUR GALLO KA",4,9,45,41,86
KAFFRINE,BIRKELANE,MABO,MABO,"SINE MADAMEL",39,48,301,314,615
KAFFRINE,BIRKELANE,MABO,MABO,"H1 PEULGUA",2,3,17,15,32
KAFFRINE,BIRKELANE,MABO,MABO,"H2 SINE MADAMEL",19,29,190,204,394
KAFFRINE,BIRKELANE,MABO,MABO,"SINE MOURIDE",31,35,230,234,464
KAFFRINE,BIRKELANE,MABO,MABO,"DAROU SALAM WANAR",173,212,1412,1428,2840
KAFFRINE,BIRKELANE,MABO,MABO,"TALENE I",19,20,192,151,343
KAFFRINE,BIRKELANE,MABO,MABO,"TALLENE II",33,43,294,262,556
KAFFRINE,BIRKELANE,MABO,MABO,"TALENE III",13,18,198,135,333
KAFFRINE,BIRKELANE,MABO,MABO,"TAMBA DIAKHA",22,28,163,206,369
KAFFRINE,BIRKELANE,MABO,MABO,"H1 SAMBA TEDY",3,6,36,35,71
KAFFRINE,BIRKELANE,MABO,MABO,"THIAKHO SERY",35,40,316,312,628
KAFFRINE,BIRKELANE,MABO,MABO,"MABO II",62,79,535,548,1083
KAFFRINE,BIRKELANE,MABO,MABO,"MABO III",74,95,511,372,883
KAFFRINE,BIRKELANE,MABO,MABO,"SANTHIE IBRA",53,78,450,508,958
KAFFRINE,BIRKELANE,MABO,MABO,"H1 PEULGA",4,6,41,38,79
KAFFRINE,BIRKELANE,MABO,MABO,"H1 KASSAS TOUCOULEUR",10,10,105,95,200
KAFFRINE,BIRKELANE,MABO,NDIOGNICK,"ALY NGANE I",7,10,45,34,79
KAFFRINE,BIRKELANE,MABO,NDIOGNICK,"ALY NGANE II",6,7,21,23,44
KAFFRINE,BIRKELANE,MABO,NDIOGNICK,BOUNAKH,8,12,48,53,101
KAFFRINE,BIRKELANE,MABO,NDIOGNICK,BAITITE,60,74,452,453,905
KAFFRINE,BIRKELANE,MABO,NDIOGNICK,"H1 BAITITE SANTHIABA",11,13,77,85,162
KAFFRINE,BIRKELANE,MABO,NDIOGNICK,BOUCHRA,72,94,521,621,1142
KAFFRINE,BIRKELANE,MABO,NDIOGNICK,"DAGA BIRAME",86,97,588,667,1255
KAFFRINE,BIRKELANE,MABO,NDIOGNICK,"DAROU NANDJIGUI",102,119,850,898,1748
KAFFRINE,BIRKELANE,MABO,NDIOGNICK,"DAROU PAKALA",55,61,321,427,748
KAFFRINE,BIRKELANE,MABO,NDIOGNICK,"H1 LOUMENE PAKALA",12,16,67,63,130
KAFFRINE,BIRKELANE,MABO,NDIOGNICK,DIAMACOLONG,130,175,778,1007,1785
KAFFRINE,BIRKELANE,MABO,NDIOGNICK,"GODJI AMADOU MATAR",46,51,292,288,580
KAFFRINE,BIRKELANE,MABO,NDIOGNICK,"H1 KEUR SERIGNE",48,59,319,336,655
KAFFRINE,BIRKELANE,MABO,NDIOGNICK,"GODJI AMATH NDAO",39,47,230,269,499
KAFFRINE,BIRKELANE,MABO,NDIOGNICK,"H1 LAOBEGUI",5,5,18,22,40
KAFFRINE,BIRKELANE,MABO,NDIOGNICK,"GOBACK KEUR SAMBA",26,30,304,198,502
KAFFRINE,BIRKELANE,MABO,NDIOGNICK,"GOBACK SOUKOUM",10,14,65,66,131
KAFFRINE,BIRKELANE,MABO,NDIOGNICK,"H2 GOBACK NDAWENE",17,20,109,77,186
KAFFRINE,BIRKELANE,MABO,NDIOGNICK,"H3 KEUR BOGO BA",10,15,91,74,165
KAFFRINE,BIRKELANE,MABO,NDIOGNICK,"H1 GOBACK SOUCKOUM",47,58,383,359,742
KAFFRINE,BIRKELANE,MABO,NDIOGNICK,"HAMDALAYE PEULH (KEUR GALLO)",10,11,60,46,106
KAFFRINE,BIRKELANE,MABO,NDIOGNICK,"HAMDALAYE OUOLOF",14,17,100,88,188
KAFFRINE,BIRKELANE,MABO,NDIOGNICK,"H1 HAMDALAYE PEULGA",5,13,45,38,83
KAFFRINE,BIRKELANE,MABO,NDIOGNICK,"KATHIAWANE PEULH",21,37,304,284,588
KAFFRINE,BIRKELANE,MABO,NDIOGNICK,"H1 KEUR GATTA PEULH",6,12,71,66,137
KAFFRINE,BIRKELANE,MABO,NDIOGNICK,"H2 KEUR DIOMBO",8,11,86,75,161
KAFFRINE,BIRKELANE,MABO,NDIOGNICK,"KATHIAWANE WOLOF",44,60,345,390,735
KAFFRINE,BIRKELANE,MABO,NDIOGNICK,"KEBE KEUR BABOU",41,58,260,183,443
KAFFRINE,BIRKELANE,MABO,NDIOGNICK,"KEUR BAKA NGOYE",23,27,184,147,331
KAFFRINE,BIRKELANE,MABO,NDIOGNICK,"KEUR BIRANE NGODE",2,2,11,13,24
KAFFRINE,BIRKELANE,MABO,NDIOGNICK,"KEUR EL HADJI MOR COUMBA",38,40,202,206,408
KAFFRINE,BIRKELANE,MABO,NDIOGNICK,"KEUR IBRA FALL",12,17,170,131,301
KAFFRINE,BIRKELANE,MABO,NDIOGNICK,"H1 PEULGA KEUR IBRA FALL",12,14,103,101,204
KAFFRINE,BIRKELANE,MABO,NDIOGNICK,"KEUR MODOU NDIAMATOU",36,46,302,309,611
KAFFRINE,BIRKELANE,MABO,NDIOGNICK,"H1 PEULGA GALLO BA",9,14,74,64,138
KAFFRINE,BIRKELANE,MABO,NDIOGNICK,"KEUR MODOU WILAME",50,61,387,353,740
KAFFRINE,BIRKELANE,MABO,NDIOGNICK,"KEUR NDERY",74,82,564,527,1091
KAFFRINE,BIRKELANE,MABO,NDIOGNICK,"KEUR PATHE DEME",45,56,309,275,584
KAFFRINE,BIRKELANE,MABO,NDIOGNICK,"H1 KEUR PATHE PEULGA",4,4,34,38,72
KAFFRINE,BIRKELANE,MABO,NDIOGNICK,"KEUR SADER",47,69,489,530,1019
KAFFRINE,BIRKELANE,MABO,NDIOGNICK,"KEUR SAWELY",111,151,1272,1205,2477
KAFFRINE,BIRKELANE,MABO,NDIOGNICK,"H3 KEUR SAWELY PEULH",10,16,93,71,164
KAFFRINE,BIRKELANE,MABO,NDIOGNICK,"KEUR GOUMBO (KEUR SERIGNE GOUMBO)",68,73,377,418,795
KAFFRINE,BIRKELANE,MABO,NDIOGNICK,"H1 BAMBARA",8,9,60,57,117
KAFFRINE,BIRKELANE,MABO,NDIOGNICK,"KEUR SEYDOU BA",29,36,161,163,324
KAFFRINE,BIRKELANE,MABO,NDIOGNICK,"KEUR SIRIKY DIOP",32,35,257,263,520
KAFFRINE,BIRKELANE,MABO,NDIOGNICK,"KEUR THIERNO TALLA",52,66,374,393,767
KAFFRINE,BIRKELANE,MABO,NDIOGNICK,LANTA,8,9,46,25,71
KAFFRINE,BIRKELANE,MABO,NDIOGNICK,"H2 TEUGUEGUA",12,12,101,31,132
KAFFRINE,BIRKELANE,MABO,NDIOGNICK,LOUMENE,106,121,885,803,1688
KAFFRINE,BIRKELANE,MABO,NDIOGNICK,"H1 KEUR MADY",7,7,33,29,62
KAFFRINE,BIRKELANE,MABO,NDIOGNICK,"H2 KEUR BAKARY",20,22,123,119,242
KAFFRINE,BIRKELANE,MABO,NDIOGNICK,"H3 LOUMENE PEULGA",8,9,64,15,79
KAFFRINE,BIRKELANE,MABO,NDIOGNICK,MBOUKHOUME,27,37,198,175,373
KAFFRINE,BIRKELANE,MABO,NDIOGNICK,BOUPNAM,9,13,66,70,136
KAFFRINE,BIRKELANE,MABO,NDIOGNICK,"HI DIAMAGUENE",3,7,56,31,87
KAFFRINE,BIRKELANE,MABO,NDIOGNICK,"MEDINA NDIOGNICK",23,28,172,157,329
KAFFRINE,BIRKELANE,MABO,NDIOGNICK,MORIBOUGOU,33,37,272,235,507
KAFFRINE,BIRKELANE,MABO,NDIOGNICK,"MOUYE NDIAGNENE",29,38,314,333,647
KAFFRINE,BIRKELANE,MABO,NDIOGNICK,NANDJIGUI,34,40,260,322,582
KAFFRINE,BIRKELANE,MABO,NDIOGNICK,NDIABO,24,36,190,213,403
KAFFRINE,BIRKELANE,MABO,NDIOGNICK,"H1 NDIABO PEULH",7,7,39,38,77
KAFFRINE,BIRKELANE,MABO,NDIOGNICK,"NDIAGNENE BOBORY",16,19,94,131,225
KAFFRINE,BIRKELANE,MABO,NDIOGNICK,"NDIAYENE BAGANA",50,66,412,443,855
KAFFRINE,BIRKELANE,MABO,NDIOGNICK,"NDIMB KORKY",92,95,618,602,1220
KAFFRINE,BIRKELANE,MABO,NDIOGNICK,"H1 PEULGA (NDIMB)",7,10,57,39,96
KAFFRINE,BIRKELANE,MABO,NDIOGNICK,NDIOGNICK,64,86,426,511,937
KAFFRINE,BIRKELANE,MABO,NDIOGNICK,"NDIOGNICK PEULH",20,27,138,105,243
KAFFRINE,BIRKELANE,MABO,NDIOGNICK,NDRAME,58,81,345,464,809
KAFFRINE,BIRKELANE,MABO,NDIOGNICK,"H1 NDIORENE",2,4,21,23,44
KAFFRINE,BIRKELANE,MABO,NDIOGNICK,NGOUYE,196,254,1524,1693,3217
KAFFRINE,BIRKELANE,MABO,NDIOGNICK,NIANGHENE,44,54,313,317,630
KAFFRINE,BIRKELANE,MABO,NDIOGNICK,"SEGRE BAMBARA",43,49,373,335,708
KAFFRINE,BIRKELANE,MABO,NDIOGNICK,"SEGRE SECCO",150,213,1388,1386,2774
KAFFRINE,BIRKELANE,MABO,NDIOGNICK,"H1 KEUR DIOUMA BA",14,21,145,123,268
KAFFRINE,BIRKELANE,MABO,NDIOGNICK,"H2 KEUR GALLO DIAO",15,22,82,81,163
KAFFRINE,BIRKELANE,MABO,NDIOGNICK,TAIF,43,49,283,408,691
KAFFRINE,BIRKELANE,MABO,NDIOGNICK,THIANTE,48,72,458,395,853
KAFFRINE,BIRKELANE,MABO,NDIOGNICK,"TOUBA NIANE",27,29,160,149,309
KAFFRINE,BIRKELANE,MABO,NDIOGNICK,"KEUR DEMBA",3,15,60,40,100
KAFFRINE,BIRKELANE,MABO,NDIOGNICK,"TOUBA PAKALA",10,15,72,93,165
KAFFRINE,BIRKELANE,MABO,MBEULEUP,"DAROU SALAM",18,27,155,149,304
KAFFRINE,BIRKELANE,MABO,MBEULEUP,"DIATTA FAKHA",70,88,363,403,766
KAFFRINE,BIRKELANE,MABO,MBEULEUP,"HAMDALAYE MBEULEUP ( HAMDALAYE L0NKANE)",25,35,149,178,327
KAFFRINE,BIRKELANE,MABO,MBEULEUP,"LONKANE MBEULEUP (LONKANE MATH)",55,69,411,535,946
KAFFRINE,BIRKELANE,MABO,MBEULEUP,MBEULEUP,116,134,711,676,1387
KAFFRINE,BIRKELANE,MABO,MBEULEUP,"NDIAGNENE ( NDIAGNENE DIOUMA)",97,107,660,638,1298
KAFFRINE,BIRKELANE,MABO,MBEULEUP,"NDIAYENE MBEULEUP (NDIAYENE ALLA)",7,10,56,35,91
KAFFRINE,BIRKELANE,MABO,MBEULEUP,"NDIOBENE DIAGLE",60,73,283,356,639
KAFFRINE,BIRKELANE,MABO,MBEULEUP,"NDIOBENE GOUYE (ALLA GAWRY)",22,24,140,158,298
KAFFRINE,BIRKELANE,MABO,MBEULEUP,"NDIOBENE TAIBA",56,82,480,521,1001
KAFFRINE,BIRKELANE,MABO,MBEULEUP,ROUKHANE,5,7,50,51,101
KAFFRINE,BIRKELANE,MABO,MBEULEUP,"TALLA ( TALLA GNIOUROKHE )",11,12,45,75,120
KAFFRINE,BIRKELANE,MABO,MBEULEUP,"THIEKENE MBEULEUP",14,21,100,106,206
KAFFRINE,BIRKELANE,MABO,"SEGRE GATTA","DAARA MBAYENE",3,5,29,21,50
KAFFRINE,BIRKELANE,MABO,"SEGRE GATTA","KEUR MALLA (DOUTA KEUR MALLA)",34,43,251,243,494
KAFFRINE,BIRKELANE,MABO,"SEGRE GATTA","KEUR ALY KHADY",36,39,280,277,557
KAFFRINE,BIRKELANE,MABO,"SEGRE GATTA","KEUR ALY MARAME",39,41,288,258,546
KAFFRINE,BIRKELANE,MABO,"SEGRE GATTA","H1 BOSSEDJI",5,9,40,45,85
KAFFRINE,BIRKELANE,MABO,"SEGRE GATTA","H2 KEUR YOUGA BA",9,9,59,62,121
KAFFRINE,BIRKELANE,MABO,"SEGRE GATTA","KEUR MATAR COUMBA",13,15,90,119,209
KAFFRINE,BIRKELANE,MABO,"SEGRE GATTA","H1 KEUR IBRA DIABOU",11,16,90,96,186
KAFFRINE,BIRKELANE,MABO,"SEGRE GATTA","KEUR NGATTA DRAME",61,67,454,465,919
KAFFRINE,BIRKELANE,MABO,"SEGRE GATTA","H1 KEUR ELHADJ MOR SATOU ( KEUR MASSYLLA)",6,8,43,49,92
KAFFRINE,BIRKELANE,MABO,"SEGRE GATTA","KEUR SETTE AWA",38,43,294,338,632
KAFFRINE,BIRKELANE,MABO,"SEGRE GATTA","KOKY(KEUR BABOU KHOREDIA)",30,32,175,236,411
KAFFRINE,BIRKELANE,MABO,"SEGRE GATTA","MAKA DRAME",41,47,249,323,572
KAFFRINE,BIRKELANE,MABO,"SEGRE GATTA","MEDINA KEUR IBRAHIMA CISSE",9,10,61,83,144
KAFFRINE,BIRKELANE,MABO,"SEGRE GATTA","NDIMBERE BAMBARA",73,76,370,392,762
KAFFRINE,BIRKELANE,MABO,"SEGRE GATTA","H1 KEUR SAMBA KA",2,2,10,10,20
KAFFRINE,BIRKELANE,MABO,"SEGRE GATTA","H2 KEUR TOUMANY DOUMBOUYA",1,1,14,7,21
KAFFRINE,BIRKELANE,MABO,"SEGRE GATTA","NIASSENE SEGRE",3,3,19,18,37
KAFFRINE,BIRKELANE,MABO,"SEGRE GATTA","H1 PEULGA ( NIASSENE SAMBA SIRA)",3,3,29,37,66
KAFFRINE,BIRKELANE,MABO,"SEGRE GATTA","H2 KEUR PATHE DIAO",2,3,21,19,40
KAFFRINE,BIRKELANE,MABO,"SEGRE GATTA","SEGRE GATTA",120,147,596,638,1234
KAFFRINE,BIRKELANE,MABO,"SEGRE GATTA","H1 SEGRE PEULH ( KEUR MAMADOU FATOU)",8,10,60,49,109